{
    "n_iter":[100,50],
    "downI":[[4,4,4],[2,2,2]],
    "downJ":[[1,4,4],[1,2,2]],
    "priors":[[0.9,0.05,0.05]],
    "sigmaM":[0.1],
    "sigmaB":[0.2],
    "sigmaA":[0.5],
    "sigmaR":[1e3],
    "ev":[5e-4],
    "eA":[5e5,1e5],
    "eA2d":[2e2,5e1],
    "slice_matching":[1],
    "update_muA":[0],
    "update_muB":[0],
    "muA":[[0.1,0.1,0.1]],
    "muB":[[0.9,0.9,0.9]],
    "update_sigmaM":[0],
    "update_sigmaA":[0],
    "update_sigmaB":[0],
    "order":[3],
    "n_draw":[50],
    "n_e_step":[3],
    "slice_matching_start":[30,0],
    "v_start":[10000,0,0],
    "A":[[[-9.48698058e-01, -4.95299620e-02, -4.33331018e-03,
         1.00000000e+03],
       [ 0.00000000e+00, -8.27979556e-02,  9.46384963e-01,
         1.50000000e+03],
       [-4.97191584e-02,  9.45087975e-01,  8.26844839e-02,
         7.50000000e+02],
       [ 0.00000000e+00,  0.00000000e+00,  0.00000000e+00,
         1.00000000e+00]]]
}
