{
    "n_iter":[100,10],
    "downI":[[4,4,4],[2,2,2]],
    "downJ":[[1,4,4],[1,2,2]],
    "priors":[[0.5, 0.1, 0.4]],
    "sigmaM":[0.1],
    "sigmaB":[0.1],
    "sigmaA":[0.5],
    "sigmaR":[1e3],
    "ev":[5e-4],
    "eA":[5e5,1e5],
    "eA2d":[5e3,1e3],
    "slice_matching":[1],
    "update_muA":[0],
    "update_muB":[0],
    "muA":[[5.0,5.0,5.0]],
    "muB":[[0.99,0.99,0.99]],
    "update_sigmaM":[0],
    "update_sigmaA":[0],
    "update_sigmaB":[0],
    "order":[3],
    "n_draw":[50],
    "n_e_step":[3],
    "slice_matching_start":[0],
    "v_start":[10000,10000],
    "Amode":[1],
    "reduce_factor":[1.0],
    "A":[[[-9.45087975e-01, -5.67363896e-02,  7.80365343e-02,
         1.00000000e+03],
       [ 8.27979556e-02, -8.24828844e-02,  9.42783683e-01,
         1.50000000e+03],
       [-4.95299620e-02,  9.44710303e-01,  8.70013045e-02,
         7.50000000e+02],
       [ 0.00000000e+00,  0.00000000e+00,  0.00000000e+00,
         1.00000000e+00]]]
}
